onset	duration	trial_type	sample	value
75.54	0.64	na	18885	254
76.2	0.64	Stand	19050	2
76.832	0.64	Stand	19208	2
77.46	0.64	Stand	19365	2
78.092	0.64	Stand	19523	2
78.72	0.64	Stand	19680	2
79.352	0.64	Stand	19838	2
79.98	0.64	Stand	19995	2
80.62	0.64	Stand	20155	2
81.252	0.64	Stand	20313	2
81.88	0.64	Stand	20470	2
82.512	0.64	Stand	20628	2
83.14	0.64	Stand	20785	2
83.772	0.64	Stand	20943	2
84.4	0.64	Stand	21100	2
85.032	0.64	Large dev	21258	4
85.66	0.64	Stand	21415	2
86.292	0.64	Stand	21573	2
86.92	0.64	Inter dev	21730	6
87.552	0.64	Stand	21888	2
88.18	0.64	Stand	22045	2
88.812	0.64	na	22203	8
89.44	0.64	Stand	22360	2
90.072	0.64	Stand	22518	2
90.7	0.64	Stand	22675	2
91.332	0.64	Stand	22833	2
91.96	0.64	na	22990	8
92.592	0.64	Stand	23148	2
93.22	0.64	Large dev	23305	4
93.852	0.64	Stand	23463	2
94.48	0.64	Stand	23620	2
95.112	0.64	Large dev	23778	4
95.74	0.64	Stand	23935	2
96.372	0.64	Inter dev	24093	6
97.0	0.64	Stand	24250	2
97.632	0.64	Stand	24408	2
98.26	0.64	Stand	24565	2
98.892	0.64	Stand	24723	2
99.52	0.64	Large dev	24880	4
100.152	0.64	Stand	25038	2
100.78	0.64	Stand	25195	2
101.42	0.64	Inter dev	25355	6
102.052	0.64	Stand	25513	2
102.68	0.64	Stand	25670	2
103.312	0.64	Stand	25828	2
103.94	0.64	Inter dev	25985	6
104.572	0.64	Stand	26143	2
105.2	0.64	na	26300	8
105.832	0.64	Stand	26458	2
106.46	0.64	Stand	26615	2
107.092	0.64	Large dev	26773	4
107.72	0.64	Stand	26930	2
108.352	0.64	Stand	27088	2
108.98	0.64	Stand	27245	2
109.612	0.64	Inter dev	27403	6
110.24	0.64	Stand	27560	2
110.872	0.64	Stand	27718	2
111.5	0.64	na	27875	8
112.132	0.64	Stand	28033	2
112.76	0.64	Stand	28190	2
113.392	0.64	Stand	28348	2
114.02	0.64	Inter dev	28505	6
114.652	0.64	Stand	28663	2
115.28	0.64	Stand	28820	2
115.912	0.64	Stand	28978	2
116.54	0.64	Stand	29135	2
117.172	0.64	na	29293	8
117.8	0.64	Stand	29450	2
118.432	0.64	Stand	29608	2
119.072	0.64	Inter dev	29768	6
119.7	0.64	Stand	29925	2
120.332	0.64	Large dev	30083	4
120.96	0.64	Stand	30240	2
121.592	0.64	Stand	30398	2
122.22	0.64	na	30555	8
122.852	0.64	Stand	30713	2
123.48	0.64	Stand	30870	2
124.112	0.64	Stand	31028	2
124.74	0.64	Inter dev	31185	6
125.372	0.64	Stand	31343	2
126.0	0.64	Stand	31500	2
126.632	0.64	Stand	31658	2
127.26	0.64	Large dev	31815	4
127.892	0.64	Stand	31973	2
128.52	0.64	Stand	32130	2
129.152	0.64	Inter dev	32288	6
129.78	0.64	Stand	32445	2
130.412	0.64	Stand	32603	2
131.04	0.64	Stand	32760	2
131.672	0.64	na	32918	8
132.3	0.64	Stand	33075	2
132.932	0.64	Large dev	33233	4
133.56	0.64	Stand	33390	2
134.192	0.64	Stand	33548	2
134.82	0.64	Inter dev	33705	6
135.452	0.64	Stand	33863	2
136.08	0.64	Stand	34020	2
136.712	0.64	na	34178	8
137.34	0.64	Stand	34335	2
137.972	0.64	Stand	34493	2
138.6	0.64	Stand	34650	2
139.232	0.64	Stand	34808	2
139.86	0.64	Large dev	34965	4
140.492	0.64	Stand	35123	2
141.12	0.64	na	35280	8
141.752	0.64	Stand	35438	2
142.38	0.64	Stand	35595	2
143.012	0.64	Inter dev	35753	6
143.64	0.64	Stand	35910	2
144.272	0.64	Stand	36068	2
144.9	0.64	Stand	36225	2
145.532	0.64	Stand	36383	2
146.16	0.64	Inter dev	36540	6
146.792	0.64	Stand	36698	2
147.42	0.64	Stand	36855	2
148.052	0.64	Inter dev	37013	6
148.68	0.64	Stand	37170	2
149.312	0.64	Stand	37328	2
149.94	0.64	Stand	37485	2
150.572	0.64	na	37643	8
151.2	0.64	Stand	37800	2
151.832	0.64	Stand	37958	2
152.46	0.64	Inter dev	38115	6
153.092	0.64	Stand	38273	2
153.72	0.64	Stand	38430	2
154.352	0.64	Large dev	38588	4
154.98	0.64	Stand	38745	2
155.612	0.64	Stand	38903	2
156.24	0.64	na	39060	8
156.872	0.64	Stand	39218	2
157.5	0.64	Inter dev	39375	6
158.132	0.64	Stand	39533	2
158.76	0.64	na	39690	8
159.392	0.64	Stand	39848	2
160.02	0.64	Inter dev	40005	6
160.652	0.64	Stand	40163	2
161.28	0.64	Stand	40320	2
161.912	0.64	Stand	40478	2
162.54	0.64	na	40635	8
163.172	0.64	Stand	40793	2
163.8	0.64	Inter dev	40950	6
164.432	0.64	Stand	41108	2
165.06	0.64	Stand	41265	2
165.692	0.64	Stand	41423	2
166.32	0.64	Large dev	41580	4
166.952	0.64	Stand	41738	2
167.58	0.64	Stand	41895	2
168.212	0.64	Stand	42053	2
168.84	0.64	na	42210	8
169.472	0.64	Stand	42368	2
170.1	0.64	Large dev	42525	4
170.732	0.64	Stand	42683	2
171.36	0.64	Stand	42840	2
171.992	0.64	Stand	42998	2
172.62	0.64	Inter dev	43155	6
173.252	0.64	Stand	43313	2
173.88	0.64	Stand	43470	2
174.512	0.64	Large dev	43628	4
175.14	0.64	Stand	43785	2
175.772	0.64	Stand	43943	2
176.4	0.64	Stand	44100	2
177.032	0.64	Large dev	44258	4
177.66	0.64	Stand	44415	2
178.292	0.64	Stand	44573	2
178.92	0.64	Inter dev	44730	6
179.552	0.64	Stand	44888	2
180.18	0.64	Stand	45045	2
180.812	0.64	Stand	45203	2
181.44	0.64	Stand	45360	2
182.072	0.64	Large dev	45518	4
182.7	0.64	Stand	45675	2
183.332	0.64	Stand	45833	2
183.96	0.64	na	45990	8
184.592	0.64	Stand	46148	2
185.22	0.64	Stand	46305	2
185.852	0.64	Inter dev	46463	6
186.48	0.64	Stand	46620	2
187.112	0.64	Large dev	46778	4
187.74	0.64	Stand	46935	2
188.372	0.64	Stand	47093	2
189.0	0.64	na	47250	8
189.632	0.64	Stand	47408	2
190.26	0.64	Inter dev	47565	6
190.892	0.64	Stand	47723	2
191.52	0.64	Stand	47880	2
192.152	0.64	Large dev	48038	4
192.78	0.64	Stand	48195	2
193.412	0.64	Stand	48353	2
194.04	0.64	Stand	48510	2
194.672	0.64	Stand	48668	2
195.3	0.64	Large dev	48825	4
195.932	0.64	Stand	48983	2
196.56	0.64	Stand	49140	2
197.192	0.64	Stand	49298	2
197.82	0.64	Inter dev	49455	6
199.08	0.64	na	49770	8
199.712	0.64	Stand	49928	2
200.34	0.64	Stand	50085	2
200.972	0.64	Large dev	50243	4
201.6	0.64	Stand	50400	2
202.232	0.64	Stand	50558	2
202.86	0.64	Stand	50715	2
203.492	0.64	Stand	50873	2
204.12	0.64	Large dev	51030	4
204.752	0.64	Stand	51188	2
205.38	0.64	Stand	51345	2
206.012	0.64	Stand	51503	2
206.64	0.64	Stand	51660	2
207.272	0.64	Inter dev	51818	6
207.9	0.64	Stand	51975	2
208.532	0.64	Stand	52133	2
209.16	0.64	Stand	52290	2
209.792	0.64	Large dev	52448	4
210.42	0.64	Stand	52605	2
211.052	0.64	Stand	52763	2
211.68	0.64	na	52920	8
212.312	0.64	Stand	53078	2
212.94	0.64	Stand	53235	2
213.572	0.64	Stand	53393	2
214.2	0.64	Stand	53550	2
214.832	0.64	Large dev	53708	4
215.46	0.64	Stand	53865	2
216.092	0.64	Stand	54023	2
216.72	0.64	Stand	54180	2
217.352	0.64	Stand	54338	2
217.98	0.64	na	54495	8
218.612	0.64	Stand	54653	2
219.24	0.64	Stand	54810	2
219.872	0.64	Stand	54968	2
220.5	0.64	Inter dev	55125	6
221.132	0.64	Stand	55283	2
221.76	0.64	Stand	55440	2
222.392	0.64	Stand	55598	2
223.02	0.64	Stand	55755	2
223.652	0.64	Inter dev	55913	6
224.28	0.64	Stand	56070	2
224.912	0.64	Stand	56228	2
225.54	0.64	Stand	56385	2
226.172	0.64	na	56543	8
226.8	0.64	Stand	56700	2
227.432	0.64	Stand	56858	2
228.06	0.64	Large dev	57015	4
228.692	0.64	Stand	57173	2
229.32	0.64	Inter dev	57330	6
229.952	0.64	Stand	57488	2
230.58	0.64	Stand	57645	2
231.212	0.64	Stand	57803	2
231.84	0.64	Stand	57960	2
232.472	0.64	Large dev	58118	4
233.1	0.64	Stand	58275	2
233.732	0.64	Stand	58433	2
234.36	0.64	Stand	58590	2
234.992	0.64	na	58748	8
235.62	0.64	Stand	58905	2
236.252	0.64	Inter dev	59063	6
236.88	0.64	Stand	59220	2
237.512	0.64	Stand	59378	2
238.14	0.64	na	59535	8
238.772	0.64	Stand	59693	2
239.4	0.64	Stand	59850	2
240.032	0.64	Stand	60008	2
240.66	0.64	Stand	60165	2
241.292	0.64	Large dev	60323	4
241.92	0.64	Stand	60480	2
242.548	0.64	Stand	60637	2
243.18	0.64	Stand	60795	2
243.812	0.64	Inter dev	60953	6
244.44	0.64	Stand	61110	2
245.072	0.64	Stand	61268	2
245.7	0.64	Stand	61425	2
246.332	0.64	na	61583	8
246.96	0.64	Stand	61740	2
247.592	0.64	Stand	61898	2
248.22	0.64	Large dev	62055	4
248.852	0.64	Stand	62213	2
249.48	0.64	Inter dev	62370	6
250.112	0.64	Stand	62528	2
250.74	0.64	Stand	62685	2
251.38	0.64	Stand	62845	2
252.012	0.64	na	63003	8
252.64	0.64	Stand	63160	2
253.272	0.64	Stand	63318	2
253.9	0.64	Large dev	63475	4
254.532	0.64	Stand	63633	2
255.16	0.64	Stand	63790	2
255.792	0.64	Stand	63948	2
256.432	0.64	Inter dev	64108	6
257.06	0.64	Stand	64265	2
257.692	0.64	Large dev	64423	4
258.32	0.64	Stand	64580	2
258.952	0.64	Stand	64738	2
259.58	0.64	Stand	64895	2
260.212	0.64	Stand	65053	2
260.84	0.64	Large dev	65210	4
261.48	0.64	Stand	65370	2
262.112	0.64	Stand	65528	2
262.74	0.64	Inter dev	65685	6
263.372	0.64	Stand	65843	2
264.0	0.64	Stand	66000	2
264.632	0.64	Stand	66158	2
265.26	0.64	na	66315	8
265.9	0.64	Stand	66475	2
266.532	0.64	Stand	66633	2
267.16	0.64	Inter dev	66790	6
267.792	0.64	Stand	66948	2
268.42	0.64	Stand	67105	2
269.052	0.64	Stand	67263	2
269.68	0.64	Large dev	67420	4
270.312	0.64	Stand	67578	2
270.94	0.64	Stand	67735	2
271.572	0.64	na	67893	8
272.2	0.64	Stand	68050	2
272.832	0.64	na	68208	8
273.46	0.64	Stand	68365	2
274.092	0.64	Stand	68523	2
274.72	0.64	Large dev	68680	4
275.352	0.64	Stand	68838	2
275.98	0.64	Stand	68995	2
276.608	0.64	Stand	69152	2
277.24	0.64	na	69310	8
277.872	0.64	Stand	69468	2
278.512	0.64	Stand	69628	2
279.14	0.64	Large dev	69785	4
279.768	0.64	Stand	69942	2
280.4	0.64	Stand	70100	2
281.032	0.64	Inter dev	70258	6
281.66	0.64	Stand	70415	2
282.288	0.64	Stand	70572	2
282.92	0.64	Large dev	70730	4
283.552	0.64	Stand	70888	2
284.18	0.64	na	71045	8
284.808	0.64	Stand	71202	2
285.44	0.64	Stand	71360	2
286.072	0.64	Stand	71518	2
286.7	0.64	na	71675	8
287.328	0.64	Stand	71832	2
287.96	0.64	Stand	71990	2
288.592	0.64	Stand	72148	2
289.22	0.64	Large dev	72305	4
289.848	0.64	Stand	72462	2
290.48	0.64	na	72620	8
291.112	0.64	Stand	72778	2
291.74	0.64	Inter dev	72935	6
292.368	0.64	Stand	73092	2
293.0	0.64	Stand	73250	2
293.632	0.64	Stand	73408	2
294.26	0.64	na	73565	8
294.888	0.64	Stand	73722	2
295.52	0.64	Stand	73880	2
296.152	0.64	Large dev	74038	4
296.78	0.64	Stand	74195	2
297.408	0.64	Inter dev	74352	6
298.04	0.64	Stand	74510	2
298.672	0.64	Stand	74668	2
299.3	0.64	Stand	74825	2
299.928	0.64	na	74982	8
300.56	0.64	Stand	75140	2
301.192	0.64	Stand	75298	2
301.82	0.64	Inter dev	75455	6
302.448	0.64	Stand	75612	2
303.08	0.64	Stand	75770	2
303.712	0.64	Stand	75928	2
304.34	0.64	Large dev	76085	4
304.968	0.64	Stand	76242	2
305.6	0.64	Stand	76400	2
306.232	0.64	na	76558	8
306.86	0.64	Stand	76715	2
307.492	0.64	Stand	76873	2
308.12	0.64	Stand	77030	2
308.752	0.64	Inter dev	77188	6
309.38	0.64	Stand	77345	2
310.012	0.64	Stand	77503	2
310.64	0.64	Large dev	77660	4
311.268	0.64	Stand	77817	2
311.9	0.64	Stand	77975	2
312.528	0.64	Stand	78132	2
313.16	0.64	Stand	78290	2
313.788	0.64	na	78447	8
314.42	0.64	Stand	78605	2
315.048	0.64	Inter dev	78762	6
315.68	0.64	Stand	78920	2
316.32	0.64	Large dev	79080	4
316.948	0.64	Stand	79237	2
317.58	0.64	Stand	79395	2
318.208	0.64	Stand	79552	2
318.84	0.64	Large dev	79710	4
319.468	0.64	Stand	79867	2
320.1	0.64	Stand	80025	2
320.728	0.64	Inter dev	80182	6
321.36	0.64	Stand	80340	2
321.988	0.64	Stand	80497	2
322.62	0.64	na	80655	8
323.252	0.64	Stand	80813	2
323.88	0.64	Large dev	80970	4
324.508	0.64	Stand	81127	2
325.14	0.64	Stand	81285	2
325.772	0.64	na	81443	8
326.4	0.64	Stand	81600	2
327.028	0.64	Inter dev	81757	6
327.66	0.64	Stand	81915	2
328.288	0.64	Stand	82072	2
328.92	0.64	na	82230	8
329.548	0.64	Stand	82387	2
330.18	0.64	Stand	82545	2
330.808	0.64	Inter dev	82702	6
331.44	0.64	Stand	82860	2
332.068	0.64	Stand	83017	2
332.7	0.64	Stand	83175	2
333.328	0.64	Large dev	83332	4
333.96	0.64	Stand	83490	2
334.588	0.64	Stand	83647	2
335.22	0.64	Large dev	83805	4
335.848	0.64	Stand	83962	2
336.48	0.64	na	84120	8
337.108	0.64	Stand	84277	2
337.74	0.64	Stand	84435	2
338.368	0.64	Inter dev	84592	6
339.0	0.64	Stand	84750	2
339.628	0.64	Stand	84907	2
340.26	0.64	Stand	85065	2
340.888	0.64	Large dev	85222	4
341.52	0.64	Stand	85380	2
342.148	0.64	Stand	85537	2
342.78	0.64	na	85695	8
343.408	0.64	Stand	85852	2
344.04	0.64	Inter dev	86010	6
344.672	0.64	Stand	86168	2
345.3	0.64	Stand	86325	2
345.928	0.64	na	86482	8
346.56	0.64	Stand	86640	2
347.188	0.64	Stand	86797	2
347.82	0.64	Stand	86955	2
348.448	0.64	Stand	87112	2
349.08	0.64	na	87270	8
349.708	0.64	Stand	87427	2
350.34	0.64	Stand	87585	2
350.968	0.64	Stand	87742	2
351.6	0.64	Large dev	87900	4
352.228	0.64	Stand	88057	2
352.86	0.64	Large dev	88215	4
353.488	0.64	Stand	88372	2
354.12	0.64	Stand	88530	2
354.748	0.64	Inter dev	88687	6
355.38	0.64	Stand	88845	2
356.008	0.64	Stand	89002	2
356.64	0.64	Stand	89160	2
357.268	0.64	na	89317	8
357.9	0.64	Stand	89475	2
358.528	0.64	Stand	89632	2
359.16	0.64	Stand	89790	2
359.788	0.64	Stand	89947	2
360.42	0.64	Inter dev	90105	6
361.048	0.64	Stand	90262	2
361.68	0.64	Stand	90420	2
362.308	0.64	Large dev	90577	4
362.94	0.64	Stand	90735	2
363.568	0.64	Stand	90892	2
364.2	0.64	Large dev	91050	4
364.828	0.64	Stand	91207	2
365.46	0.64	Stand	91365	2
366.088	0.64	Stand	91522	2
366.72	0.64	na	91680	8
367.348	0.64	Stand	91837	2
367.98	0.64	Stand	91995	2
368.608	0.64	Large dev	92152	4
369.24	0.64	Stand	92310	2
369.868	0.64	Stand	92467	2
370.5	0.64	Inter dev	92625	6
371.128	0.64	Stand	92782	2
371.76	0.64	Stand	92940	2
372.388	0.64	Stand	93097	2
373.02	0.64	na	93255	8
373.648	0.64	Stand	93412	2
374.28	0.64	Stand	93570	2
374.908	0.64	Stand	93727	2
375.54	0.64	Large dev	93885	4
376.168	0.64	Stand	94042	2
376.8	0.64	Stand	94200	2
377.428	0.64	Stand	94357	2
378.06	0.64	Large dev	94515	4
378.688	0.64	Stand	94672	2
379.32	0.64	Stand	94830	2
379.948	0.64	na	94987	8
380.58	0.64	Stand	95145	2
381.208	0.64	Stand	95302	2
381.84	0.64	Stand	95460	2
382.468	0.64	Large dev	95617	4
383.1	0.64	Stand	95775	2
383.728	0.64	Stand	95932	2
384.36	0.64	Inter dev	96090	6
384.988	0.64	Stand	96247	2
385.62	0.64	Stand	96405	2
386.26	0.64	Stand	96565	2
386.888	0.64	na	96722	8
387.52	0.64	Stand	96880	2
388.148	0.64	na	97037	8
388.78	0.64	Stand	97195	2
389.408	0.64	Stand	97352	2
390.04	0.64	Large dev	97510	4
390.668	0.64	Stand	97667	2
391.3	0.64	Stand	97825	2
391.928	0.64	Stand	97982	2
392.56	0.64	Stand	98140	2
393.188	0.64	na	98297	8
393.82	0.64	Stand	98455	2
394.448	0.64	Stand	98612	2
395.08	0.64	Stand	98770	2
395.708	0.64	Inter dev	98927	6
396.34	0.64	Stand	99085	2
396.968	0.64	Stand	99242	2
397.6	0.64	Stand	99400	2
398.228	0.64	Large dev	99557	4
398.86	0.64	Stand	99715	2
399.488	0.64	Stand	99872	2
400.12	0.64	Inter dev	100030	6
400.748	0.64	Stand	100187	2
401.38	0.64	Stand	100345	2
402.008	0.64	na	100502	8
402.64	0.64	Stand	100660	2
403.268	0.64	Large dev	100817	4
403.9	0.64	Stand	100975	2
404.528	0.64	Stand	101132	2
405.16	0.64	Stand	101290	2
405.788	0.64	Inter dev	101447	6
406.42	0.64	Stand	101605	2
407.048	0.64	Stand	101762	2
407.68	0.64	na	101920	8
408.308	0.64	Stand	102077	2
408.94	0.64	Stand	102235	2
409.568	0.64	Inter dev	102392	6
410.2	0.64	Stand	102550	2
410.828	0.64	na	102707	8
411.46	0.64	Stand	102865	2
412.088	0.64	Stand	103022	2
412.72	0.64	Stand	103180	2
413.348	0.64	Stand	103337	2
413.98	0.64	Large dev	103495	4
414.608	0.64	Stand	103652	2
415.24	0.64	Stand	103810	2
415.868	0.64	na	103967	8
416.5	0.64	Stand	104125	2
417.128	0.64	Stand	104282	2
417.76	0.64	Large dev	104440	4
418.388	0.64	Stand	104597	2
419.02	0.64	Inter dev	104755	6
419.648	0.64	Stand	104912	2
420.28	0.64	Stand	105070	2
420.908	0.64	Large dev	105227	4
421.54	0.64	Stand	105385	2
422.168	0.64	Stand	105542	2
422.8	0.64	Stand	105700	2
423.428	0.64	na	105857	8
424.06	0.64	Stand	106015	2
424.688	0.64	Stand	106172	2
425.32	0.64	Inter dev	106330	6
425.948	0.64	Stand	106487	2
426.58	0.64	Stand	106645	2
427.208	0.64	Stand	106802	2
427.84	0.64	na	106960	8
428.468	0.64	Stand	107117	2
429.1	0.64	Stand	107275	2
429.728	0.64	Large dev	107432	4
430.36	0.64	Stand	107590	2
430.988	0.64	Stand	107747	2
431.62	0.64	Inter dev	107905	6
432.248	0.64	Stand	108062	2
432.88	0.64	na	108220	8
433.508	0.64	Stand	108377	2
434.14	0.64	Stand	108535	2
434.768	0.64	Large dev	108692	4
435.4	0.64	Stand	108850	2
436.028	0.64	Stand	109007	2
436.66	0.64	Stand	109165	2
437.288	0.64	na	109322	8
437.92	0.64	Stand	109480	2
438.548	0.64	Large dev	109637	4
439.18	0.64	Stand	109795	2
439.808	0.64	Stand	109952	2
440.44	0.64	Stand	110110	2
441.068	0.64	Stand	110267	2
441.7	0.64	Large dev	110425	4
442.328	0.64	Stand	110582	2
442.96	0.64	Stand	110740	2
443.588	0.64	Inter dev	110897	6
444.22	0.64	Stand	111055	2
444.848	0.64	Stand	111212	2
445.48	0.64	na	111370	8
446.108	0.64	Stand	111527	2
446.74	0.64	Stand	111685	2
447.368	0.64	Stand	111842	2
448.0	0.64	Inter dev	112000	6
448.628	0.64	Stand	112157	2
449.26	0.64	Stand	112315	2
449.888	0.64	Stand	112472	2
450.52	0.64	Large dev	112630	4
451.148	0.64	Stand	112787	2
451.78	0.64	Stand	112945	2
452.408	0.64	Inter dev	113102	6
453.04	0.64	Stand	113260	2
453.668	0.64	Stand	113417	2
454.3	0.64	na	113575	8
454.928	0.64	Stand	113732	2
455.56	0.64	Large dev	113890	4
456.188	0.64	Stand	114047	2
456.82	0.64	Stand	114205	2
457.448	0.64	Inter dev	114362	6
458.08	0.64	Stand	114520	2
458.708	0.64	Stand	114677	2
459.34	0.64	Stand	114835	2
459.968	0.64	Inter dev	114992	6
460.6	0.64	Stand	115150	2
461.228	0.64	Stand	115307	2
461.86	0.64	Large dev	115465	4
462.488	0.64	Stand	115622	2
463.12	0.64	Stand	115780	2
463.748	0.64	na	115937	8
464.38	0.64	Stand	116095	2
465.008	0.64	Large dev	116252	4
465.64	0.64	Stand	116410	2
466.268	0.64	Stand	116567	2
466.9	0.64	na	116725	8
467.528	0.64	Stand	116882	2
468.16	0.64	Stand	117040	2
468.788	0.64	Stand	117197	2
469.42	0.64	Large dev	117355	4
470.048	0.64	Stand	117512	2
470.68	0.64	Stand	117670	2
471.308	0.64	Stand	117827	2
471.94	0.64	Stand	117985	2
472.568	0.64	Inter dev	118142	6
473.2	0.64	Stand	118300	2
473.828	0.64	Stand	118457	2
474.46	0.64	Stand	118615	2
475.088	0.64	Inter dev	118772	6
475.72	0.64	Stand	118930	2
476.348	0.64	Stand	119087	2
476.98	0.64	Stand	119245	2
477.608	0.64	Stand	119402	2
478.24	0.64	Large dev	119560	4
478.868	0.64	Stand	119717	2
479.5	0.64	Stand	119875	2
480.128	0.64	Inter dev	120032	6
480.76	0.64	Stand	120190	2
481.388	0.64	Stand	120347	2
482.02	0.64	na	120505	8
482.648	0.64	Stand	120662	2
483.28	0.64	Inter dev	120820	6
483.908	0.64	Stand	120977	2
484.54	0.64	Stand	121135	2
485.168	0.64	Stand	121292	2
485.8	0.64	Inter dev	121450	6
486.428	0.64	Stand	121607	2
487.06	0.64	Stand	121765	2
487.688	0.64	Stand	121922	2
488.32	0.64	na	122080	8
488.948	0.64	Stand	122237	2
489.58	0.64	Stand	122395	2
490.208	0.64	Large dev	122552	4
490.84	0.64	Stand	122710	2
491.468	0.64	na	122867	8
492.1	0.64	Stand	123025	2
492.728	0.64	Stand	123182	2
493.36	0.64	Stand	123340	2
493.988	0.64	Stand	123497	2
494.62	0.64	Inter dev	123655	6
495.248	0.64	Stand	123812	2
495.88	0.64	Stand	123970	2
496.508	0.64	Stand	124127	2
497.14	0.64	Large dev	124285	4
497.768	0.64	Stand	124442	2
498.4	0.64	Stand	124600	2
499.028	0.64	Inter dev	124757	6
499.66	0.64	Stand	124915	2
499.692	0.64	Stand	124923	2
500.288	0.64	na	125072	8
500.92	0.64	Stand	125230	2
501.548	0.64	Stand	125387	2
502.18	0.64	Large dev	125545	4
502.808	0.64	Stand	125702	2
503.44	0.64	Stand	125860	2
504.068	0.64	Stand	126017	2
504.7	0.64	Large dev	126175	4
505.328	0.64	Stand	126332	2
505.96	0.64	Stand	126490	2
506.588	0.64	Inter dev	126647	6
507.22	0.64	Stand	126805	2
507.848	0.64	Stand	126962	2
508.48	0.64	na	127120	8
509.108	0.64	Stand	127277	2
509.74	0.64	Stand	127435	2
510.368	0.64	Inter dev	127592	6
511.0	0.64	Stand	127750	2
511.628	0.64	na	127907	8
512.26	0.64	Stand	128065	2
512.888	0.64	Stand	128222	2
513.52	0.64	Stand	128380	2
514.148	0.64	Stand	128537	2
514.78	0.64	Inter dev	128695	6
515.408	0.64	Stand	128852	2
516.04	0.64	Large dev	129010	4
516.668	0.64	Stand	129167	2
517.3	0.64	Stand	129325	2
517.928	0.64	Inter dev	129482	6
518.56	0.64	Stand	129640	2
519.188	0.64	Stand	129797	2
519.82	0.64	Large dev	129955	4
520.448	0.64	Stand	130112	2
521.08	0.64	na	130270	8
521.708	0.64	Stand	130427	2
522.34	0.64	Stand	130585	2
522.968	0.64	Stand	130742	2
523.6	0.64	Stand	130900	2
524.228	0.64	Inter dev	131057	6
524.86	0.64	Stand	131215	2
525.488	0.64	Stand	131372	2
526.12	0.64	Stand	131530	2
526.748	0.64	Stand	131687	2
527.38	0.64	Large dev	131845	4
528.008	0.64	Stand	132002	2
528.64	0.64	Stand	132160	2
529.268	0.64	Stand	132317	2
529.9	0.64	Inter dev	132475	6
530.528	0.64	Stand	132632	2
531.16	0.64	Stand	132790	2
531.788	0.64	na	132947	8
532.42	0.64	Stand	133105	2
533.048	0.64	Stand	133262	2
533.68	0.64	Stand	133420	2
534.308	0.64	Stand	133577	2
534.94	0.64	Inter dev	133735	6
535.568	0.64	Stand	133892	2
536.2	0.64	Stand	134050	2
536.828	0.64	na	134207	8
537.46	0.64	Stand	134365	2
538.088	0.64	na	134522	8
538.72	0.64	Stand	134680	2
539.348	0.64	Stand	134837	2
539.98	0.64	Large dev	134995	4
540.608	0.64	Stand	135152	2
541.24	0.64	Stand	135310	2
541.868	0.64	Inter dev	135467	6
542.5	0.64	Stand	135625	2
543.128	0.64	Stand	135782	2
543.76	0.64	na	135940	8
544.388	0.64	Stand	136097	2
545.02	0.64	Large dev	136255	4
545.648	0.64	Stand	136412	2
546.28	0.64	Stand	136570	2
546.908	0.64	na	136727	8
547.54	0.64	Stand	136885	2
548.168	0.64	Stand	137042	2
548.8	0.64	Large dev	137200	4
549.428	0.64	Stand	137357	2
550.06	0.64	Stand	137515	2
550.688	0.64	Stand	137672	2
551.32	0.64	Stand	137830	2
551.948	0.64	Large dev	137987	4
552.58	0.64	Stand	138145	2
553.208	0.64	Stand	138302	2
553.84	0.64	Stand	138460	2
554.468	0.64	Inter dev	138617	6
555.1	0.64	Stand	138775	2
555.728	0.64	Large dev	138932	4
556.36	0.64	Stand	139090	2
556.988	0.64	Stand	139247	2
557.62	0.64	Inter dev	139405	6
558.248	0.64	Stand	139562	2
558.88	0.64	Stand	139720	2
559.508	0.64	Stand	139877	2
560.14	0.64	na	140035	8
560.768	0.64	Stand	140192	2
561.4	0.64	Stand	140350	2
562.028	0.64	Stand	140507	2
562.66	0.64	Stand	140665	2
563.288	0.64	Inter dev	140822	6
563.92	0.64	Stand	140980	2
564.548	0.64	Stand	141137	2
565.18	0.64	Stand	141295	2
565.808	0.64	Stand	141452	2
566.44	0.64	Large dev	141610	4
567.068	0.64	Stand	141767	2
567.7	0.64	Inter dev	141925	6
568.328	0.64	Stand	142082	2
568.96	0.64	Stand	142240	2
569.6	0.64	na	142400	8
570.228	0.64	Stand	142557	2
570.86	0.64	Stand	142715	2
571.488	0.64	Large dev	142872	4
572.12	0.64	Stand	143030	2
572.748	0.64	Stand	143187	2
573.38	0.64	Stand	143345	2
574.008	0.64	na	143502	8
574.64	0.64	Stand	143660	2
575.268	0.64	Stand	143817	2
575.9	0.64	Inter dev	143975	6
576.528	0.64	Stand	144132	2
577.16	0.64	na	144290	8
577.788	0.64	Stand	144447	2
578.42	0.64	Large dev	144605	4
579.048	0.64	Stand	144762	2
579.68	0.64	Stand	144920	2
580.308	0.64	Inter dev	145077	6
580.94	0.64	Stand	145235	2
581.568	0.64	Stand	145392	2
582.2	0.64	na	145550	8
582.828	0.64	Stand	145707	2
583.46	0.64	Stand	145865	2
584.088	0.64	Stand	146022	2
584.72	0.64	Inter dev	146180	6
585.348	0.64	Stand	146337	2
585.98	0.64	Stand	146495	2
586.608	0.64	Stand	146652	2
587.24	0.64	na	146810	8
587.868	0.64	Stand	146967	2
588.5	0.64	Stand	147125	2
589.128	0.64	Large dev	147282	4
589.76	0.64	Stand	147440	2
590.388	0.64	Stand	147597	2
591.02	0.64	Stand	147755	2
591.648	0.64	na	147912	8
592.28	0.64	Stand	148070	2
592.908	0.64	Stand	148227	2
593.54	0.64	Stand	148385	2
594.168	0.64	Stand	148542	2
594.8	0.64	Large dev	148700	4
595.428	0.64	Stand	148857	2
596.06	0.64	Inter dev	149015	6
596.688	0.64	Stand	149172	2
597.32	0.64	Inter dev	149330	6
597.948	0.64	Stand	149487	2
598.58	0.64	Stand	149645	2
599.208	0.64	Stand	149802	2
599.84	0.64	Large dev	149960	4
600.468	0.64	Stand	150117	2
601.1	0.64	Stand	150275	2
601.728	0.64	na	150432	8
602.36	0.64	Stand	150590	2
602.988	0.64	Stand	150747	2
603.62	0.64	Stand	150905	2
604.248	0.64	Large dev	151062	4
604.88	0.64	Stand	151220	2
605.508	0.64	Stand	151377	2
606.14	0.64	na	151535	8
606.768	0.64	Stand	151692	2
607.4	0.64	Stand	151850	2
608.028	0.64	Stand	152007	2
608.66	0.64	Stand	152165	2
609.288	0.64	Inter dev	152322	6
609.92	0.64	Stand	152480	2
610.548	0.64	Stand	152637	2
611.18	0.64	na	152795	8
611.808	0.64	Stand	152952	2
612.44	0.64	Stand	153110	2
613.068	0.64	Large dev	153267	4
613.7	0.64	Stand	153425	2
614.328	0.64	Inter dev	153582	6
614.96	0.64	Stand	153740	2
615.588	0.64	Stand	153897	2
616.22	0.64	Large dev	154055	4
616.848	0.64	Stand	154212	2
617.48	0.64	Stand	154370	2
618.12	0.64	Inter dev	154530	6
618.748	0.64	Stand	154687	2
619.38	0.64	Stand	154845	2
620.008	0.64	Stand	155002	2
620.64	0.64	Large dev	155160	4
621.268	0.64	Stand	155317	2
621.9	0.64	Stand	155475	2
622.528	0.64	Stand	155632	2
623.16	0.64	Stand	155790	2
623.788	0.64	Inter dev	155947	6
624.42	0.64	Stand	156105	2
625.048	0.64	na	156262	8
625.676	0.64	Stand	156419	2
626.308	0.64	Stand	156577	2
626.94	0.64	Large dev	156735	4
627.568	0.64	Stand	156892	2
628.2	0.64	Stand	157050	2
628.828	0.64	Stand	157207	2
629.46	0.64	Inter dev	157365	6
630.088	0.64	Stand	157522	2
630.72	0.64	Stand	157680	2
631.348	0.64	na	157837	8
631.98	0.64	Stand	157995	2
632.608	0.64	Large dev	158152	4
633.24	0.64	Stand	158310	2
633.868	0.64	Stand	158467	2
634.5	0.64	Stand	158625	2
635.128	0.64	Inter dev	158782	6
635.76	0.64	Stand	158940	2
636.388	0.64	Stand	159097	2
637.02	0.64	Large dev	159255	4
637.648	0.64	Stand	159412	2
638.28	0.64	Stand	159570	2
638.908	0.64	na	159727	8
639.548	0.64	Stand	159887	2
640.18	0.64	Stand	160045	2
640.808	0.64	Stand	160202	2
641.44	0.64	Large dev	160360	4
642.08	0.64	Stand	160520	2
642.708	0.64	Stand	160677	2
643.34	0.64	na	160835	8
643.968	0.64	Stand	160992	2
644.6	0.64	Stand	161150	2
645.228	0.64	Stand	161307	2
645.86	0.64	Stand	161465	2
646.488	0.64	Inter dev	161622	6
647.12	0.64	Stand	161780	2
647.748	0.64	Stand	161937	2
648.38	0.64	na	162095	8
649.008	0.64	Stand	162252	2
649.64	0.64	Stand	162410	2
650.268	0.64	Inter dev	162567	6
650.9	0.64	Stand	162725	2
651.528	0.64	Stand	162882	2
652.16	0.64	Stand	163040	2
652.788	0.64	Large dev	163197	4
653.42	0.64	Stand	163355	2
654.048	0.64	Stand	163512	2
654.68	0.64	Stand	163670	2
655.308	0.64	Large dev	163827	4
655.94	0.64	Stand	163985	2
656.568	0.64	Stand	164142	2
657.2	0.64	na	164300	8
657.828	0.64	Stand	164457	2
658.456	0.64	Large dev	164614	4
659.088	0.64	Stand	164772	2
659.72	0.64	Stand	164930	2
660.348	0.64	na	165087	8
660.976	0.64	Stand	165244	2
661.608	0.64	Stand	165402	2
662.24	0.64	Stand	165560	2
662.868	0.64	Stand	165717	2
663.496	0.64	Large dev	165874	4
664.128	0.64	Stand	166032	2
664.756	0.64	Stand	166189	2
665.388	0.64	na	166347	8
666.016	0.64	Stand	166504	2
666.648	0.64	Stand	166662	2
667.28	0.64	Stand	166820	2
667.908	0.64	Stand	166977	2
668.536	0.64	Inter dev	167134	6
669.168	0.64	Stand	167292	2
669.796	0.64	Stand	167449	2
670.428	0.64	Stand	167607	2
671.056	0.64	Stand	167764	2
671.688	0.64	na	167922	8
672.32	0.64	Stand	168080	2
672.948	0.64	Large dev	168237	4
673.58	0.64	Stand	168395	2
674.208	0.64	Stand	168552	2
674.84	0.64	Large dev	168710	4
675.468	0.64	Stand	168867	2
676.1	0.64	Stand	169025	2
676.728	0.64	na	169182	8
677.356	0.64	Stand	169339	2
677.988	0.64	Stand	169497	2
678.62	0.64	Large dev	169655	4
679.248	0.64	Stand	169812	2
679.876	0.64	Stand	169969	2
680.508	0.64	Stand	170127	2
681.14	0.64	na	170285	8
681.768	0.64	Stand	170442	2
682.396	0.64	Stand	170599	2
683.028	0.64	Large dev	170757	4
683.66	0.64	Stand	170915	2
684.288	0.64	Stand	171072	2
684.92	0.64	Stand	171230	2
685.548	0.64	Stand	171387	2
686.18	0.64	Inter dev	171545	6
686.808	0.64	Stand	171702	2
687.436	0.64	Large dev	171859	4
688.068	0.64	Stand	172017	2
688.7	0.64	Stand	172175	2
689.328	0.64	na	172332	8
689.96	0.64	Stand	172490	2
690.588	0.64	Stand	172647	2
691.22	0.64	Stand	172805	2
691.848	0.64	Inter dev	172962	6
692.476	0.64	Stand	173119	2
693.108	0.64	Stand	173277	2
693.736	0.64	Stand	173434	2
694.368	0.64	na	173592	8
694.996	0.64	Stand	173749	2
695.628	0.64	Inter dev	173907	6
696.256	0.64	Stand	174064	2
696.888	0.64	Stand	174222	2
697.516	0.64	Inter dev	174379	6
698.148	0.64	Stand	174537	2
698.776	0.64	Stand	174694	2
699.408	0.64	na	174852	8
700.036	0.64	Stand	175009	2
700.668	0.64	Stand	175167	2
701.296	0.64	Stand	175324	2
701.928	0.64	Large dev	175482	4
702.556	0.64	Stand	175639	2
703.188	0.64	Stand	175797	2
703.816	0.64	Stand	175954	2
704.448	0.64	na	176112	8
705.08	0.64	Stand	176270	2
705.708	0.64	Stand	176427	2
706.336	0.64	Inter dev	176584	6
706.968	0.64	Stand	176742	2
707.6	0.64	Stand	176900	2
708.228	0.64	Inter dev	177057	6
708.856	0.64	Stand	177214	2
709.496	0.64	Stand	177374	2
710.128	0.64	Stand	177532	2
710.76	0.64	Stand	177690	2
711.388	0.64	Large dev	177847	4
712.016	0.64	Stand	178004	2
712.648	0.64	Stand	178162	2
713.28	0.64	na	178320	8
713.908	0.64	Stand	178477	2
714.536	0.64	Stand	178634	2
715.168	0.64	Large dev	178792	4
715.8	0.64	Stand	178950	2
716.428	0.64	Stand	179107	2
717.056	0.64	Stand	179264	2
717.688	0.64	Large dev	179422	4
718.32	0.64	Stand	179580	2
718.948	0.64	Stand	179737	2
719.576	0.64	Stand	179894	2
720.208	0.64	Stand	180052	2
720.84	0.64	Inter dev	180210	6
721.468	0.64	Stand	180367	2
722.096	0.64	na	180524	8
722.728	0.64	Stand	180682	2
723.36	0.64	Stand	180840	2
723.988	0.64	Stand	180997	2
724.616	0.64	Stand	181154	2
725.248	0.64	Inter dev	181312	6
725.88	0.64	Stand	181470	2
726.508	0.64	Stand	181627	2
727.148	0.64	Stand	181787	2
727.776	0.64	Large dev	181944	4
728.408	0.64	Stand	182102	2
729.036	0.64	Stand	182259	2
729.668	0.64	Inter dev	182417	6
730.296	0.64	Stand	182574	2
730.928	0.64	Stand	182732	2
731.556	0.64	Stand	182889	2
732.188	0.64	Inter dev	183047	6
732.816	0.64	Stand	183204	2
733.448	0.64	na	183362	8
734.076	0.64	Stand	183519	2
734.708	0.64	Stand	183677	2
735.336	0.64	Stand	183834	2
735.968	0.64	Large dev	183992	4
736.596	0.64	Stand	184149	2
737.228	0.64	Stand	184307	2
737.856	0.64	Stand	184464	2
738.488	0.64	Inter dev	184622	6
739.116	0.64	Stand	184779	2
739.748	0.64	Stand	184937	2
740.388	0.64	Stand	185097	2
741.016	0.64	Stand	185254	2
741.648	0.64	Large dev	185412	4
742.276	0.64	Stand	185569	2
742.908	0.64	Stand	185727	2
743.536	0.64	na	185884	8
744.168	0.64	Stand	186042	2
744.796	0.64	Stand	186199	2
745.428	0.64	Inter dev	186357	6
746.056	0.64	Stand	186514	2
746.688	0.64	na	186672	8
747.316	0.64	Stand	186829	2
747.948	0.64	Stand	186987	2
748.576	0.64	Stand	187144	2
749.208	0.64	Inter dev	187302	6
749.836	0.64	Stand	187459	2
750.468	0.64	Stand	187617	2
751.096	0.64	Stand	187774	2
751.728	0.64	na	187932	8
752.356	0.64	Stand	188089	2
752.988	0.64	Stand	188247	2
753.616	0.64	Inter dev	188404	6
754.248	0.64	Stand	188562	2
754.876	0.64	Stand	188719	2
755.508	0.64	Large dev	188877	4
756.136	0.64	Stand	189034	2
756.768	0.64	na	189192	8
757.396	0.64	Stand	189349	2
758.028	0.64	Stand	189507	2
758.66	0.64	Stand	189665	2
759.288	0.64	Inter dev	189822	6
759.916	0.64	Stand	189979	2
760.548	0.64	Stand	190137	2
761.176	0.64	na	190294	8
761.808	0.64	Stand	190452	2
762.436	0.64	Large dev	190609	4
763.068	0.64	Stand	190767	2
763.696	0.64	Stand	190924	2
764.328	0.64	Stand	191082	2
764.956	0.64	Stand	191239	2
765.588	0.64	na	191397	8
766.216	0.64	Stand	191554	2
766.848	0.64	Large dev	191712	4
767.476	0.64	Stand	191869	2
768.108	0.64	Stand	192027	2
768.736	0.64	Stand	192184	2
769.368	0.64	na	192342	8
769.996	0.64	Stand	192499	2
770.628	0.64	Stand	192657	2
771.256	0.64	Large dev	192814	4
771.888	0.64	Stand	192972	2
772.516	0.64	Stand	193129	2
773.148	0.64	Inter dev	193287	6
773.776	0.64	Stand	193444	2
774.408	0.64	Stand	193602	2
775.036	0.64	Stand	193759	2
775.668	0.64	na	193917	8
776.296	0.64	Stand	194074	2
776.928	0.64	Large dev	194232	4
777.556	0.64	Stand	194389	2
778.188	0.64	Stand	194547	2
778.816	0.64	Stand	194704	2
779.448	0.64	Stand	194862	2
780.076	0.64	Inter dev	195019	6
780.708	0.64	Stand	195177	2
781.336	0.64	Stand	195334	2
781.968	0.64	Inter dev	195492	6
782.596	0.64	Stand	195649	2
783.228	0.64	Stand	195807	2
783.856	0.64	na	195964	8
784.488	0.64	Stand	196122	2
785.116	0.64	Stand	196279	2
785.748	0.64	Stand	196437	2
786.376	0.64	Large dev	196594	4
787.008	0.64	Stand	196752	2
787.636	0.64	Stand	196909	2
788.268	0.64	na	197067	8
788.896	0.64	Stand	197224	2
789.528	0.64	Stand	197382	2
790.156	0.64	Stand	197539	2
790.788	0.64	Stand	197697	2
791.416	0.64	Large dev	197854	4
792.048	0.64	Stand	198012	2
792.676	0.64	Stand	198169	2
793.308	0.64	Stand	198327	2
793.936	0.64	Inter dev	198484	6
794.568	0.64	Stand	198642	2
795.196	0.64	na	198799	8
795.828	0.64	Stand	198957	2
796.468	0.64	Stand	199117	2
797.096	0.64	Inter dev	199274	6
797.728	0.64	Stand	199432	2
798.356	0.64	Stand	199589	2
798.988	0.64	Stand	199747	2
799.616	0.64	na	199904	8
800.248	0.64	Stand	200062	2
800.876	0.64	Stand	200219	2
801.508	0.64	Inter dev	200377	6
802.136	0.64	Stand	200534	2
802.768	0.64	Stand	200692	2
803.396	0.64	Stand	200849	2
804.028	0.64	Large dev	201007	4
804.656	0.64	Stand	201164	2
805.288	0.64	Stand	201322	2
805.916	0.64	Inter dev	201479	6
806.556	0.64	Stand	201639	2
807.188	0.64	Stand	201797	2
807.816	0.64	na	201954	8
808.448	0.64	Stand	202112	2
809.076	0.64	Stand	202269	2
809.708	0.64	Stand	202427	2
810.336	0.64	Stand	202584	2
810.968	0.64	na	202742	8
811.596	0.64	Stand	202899	2
812.228	0.64	Stand	203057	2
812.856	0.64	Stand	203214	2
813.488	0.64	Large dev	203372	4
814.116	0.64	Stand	203529	2
814.748	0.64	Stand	203687	2
815.376	0.64	na	203844	8
816.008	0.64	Stand	204002	2
816.636	0.64	Stand	204159	2
817.268	0.64	Inter dev	204317	6
817.896	0.64	Stand	204474	2
818.528	0.64	Stand	204632	2
819.156	0.64	Stand	204789	2
819.788	0.64	Inter dev	204947	6
820.416	0.64	Stand	205104	2
821.048	0.64	Stand	205262	2
821.676	0.64	na	205419	8
822.308	0.64	Stand	205577	2
822.936	0.64	Stand	205734	2
823.568	0.64	Large dev	205892	4
824.196	0.64	Stand	206049	2
824.828	0.64	Stand	206207	2
825.456	0.64	Stand	206364	2
826.088	0.64	Inter dev	206522	6
826.716	0.64	Stand	206679	2
827.348	0.64	Stand	206837	2
827.976	0.64	Inter dev	206994	6
828.608	0.64	Stand	207152	2
829.236	0.64	Stand	207309	2
829.868	0.64	na	207467	8
830.496	0.64	Stand	207624	2
831.128	0.64	Inter dev	207782	6
831.756	0.64	Stand	207939	2
832.388	0.64	Stand	208097	2
833.016	0.64	na	208254	8
833.648	0.64	Stand	208412	2
834.276	0.64	Stand	208569	2
834.908	0.64	Stand	208727	2
835.536	0.64	Large dev	208884	4
836.168	0.64	Stand	209042	2
836.796	0.64	Stand	209199	2
837.428	0.64	Stand	209357	2
838.056	0.64	Inter dev	209514	6
838.688	0.64	Stand	209672	2
839.316	0.64	na	209829	8
839.948	0.64	Stand	209987	2
